Województwo;x1;x2;x3;x4;x5;x6;x7;x8
Dolnośląskie;45,46;0,6;55,2;4,68;58,38;991,17;139,4;10,72
Kujawsko-pomorskie;57,81;0,4;47,8;6,04;36,46;1030,83;169,6;14,85
Lubelskie;55,06;0,8;39,4;10,12;34,57;1084,18;139,4;10,64
Lubuskie;30,87;1,6;49,6;3,59;31,79;808,75;69,8;7,65
Łódzkie;53,5;1;44,1;8,96;35,33;1282,24;129,7;12,62
Małopolskie;35,64;0,8;29,3;26,22;51,08;1556,36;88,6;9,84
Mazowieckie;55,53;1;41,5;8,21;45,52;1310,71;101,6;13,38
Opolskie;54,17;0,4;69,4;5,52;64,72;1300,22;197,2;13,76
Podkarpackie;31,16;1,5;32,8;15,19;30,24;1190,09;94,7;6,95
Podlaskie;53,87;0,5;42;7,06;44,91;1140,17;99,6;12,94
Pomorskie;38,63;1;58,1;5,48;39,66;991,96;138,9;11,28
Śląskie;30,08;1,3;46,2;9,68;49,9;1740;114,3;10,45
Świętokrzyskie;40,74;1,8;36,7;12,74;37,82;1254,47;102,7;9,35
Warmińsko-mazurskie;43,27;0,5;61,3;3,98;36,82;971,78;94,4;9,12
Wielkopolskie;59,09;0,4;56,7;6,91;65,54;1432,99;139;17,42
Zachodniopomorskie;39,59;1,5;53,8;2,94;28,65;822,67;101,5;7,88
